drop table ONLINE_ORDER_LIST; 
drop table ONLINE_ORDER; 
drop table ONLINE_PRODUCT; 
drop table ONLINE_CATEGORY; 
drop table ONLINE_STAFF; 
drop table ONLINE_MEMBER; 

create table ONLINE_MEMBER( 
  MEMBER_NO integer primary key
  , PASSWORD varchar (8) NOT NULL
  , NAME varchar (20) NOT NULL
  , AGE integer NOT NULL
  , SEX char (1) NOT NULL
  , ZIP varchar (8) NOT NULL
  , ADDRESS varchar (50) NOT NULL
  , TEL varchar (20) NOT NULL
  , REGISTER_DATE date NOT NULL
  , DELETE_FLG char (1) default '0' NOT NULL
  , LAST_UPD_DATE timestamp
) ENGINE = InnoDB DEFAULT CHARSET = utf8; 

create table ONLINE_STAFF( 
  STAFF_NO integer primary key
  , PASSWORD varchar (8) NOT NULL
  , NAME varchar (20) NOT NULL
  , AGE integer NOT NULL
  , SEX char (1) NOT NULL
  , REGISTER_DATE date NOT NULL
  , LAST_UPD_DATE timestamp
) ENGINE = InnoDB DEFAULT CHARSET = utf8; 

create table ONLINE_CATEGORY( 
  CTGR_ID integer primary key
  , NAME varchar (20) NOT NULL
  , LAST_UPD_DATE timestamp
) ENGINE = InnoDB DEFAULT CHARSET = utf8; 

create table ONLINE_PRODUCT( 
  PRODUCT_CODE varchar (14) primary key
  , CATEGORY_ID integer NOT NULL
  , PRODUCT_NAME varchar (50) NOT NULL
  , MAKER varchar (20) NOT NULL
  , STOCK_COUNT integer NOT NULL
  , REGISTER_DATE date NOT NULL
  , UNIT_PRICE BIGINT NOT NULL
  , PICTURE_NAME varchar (100)
  , MEMO varchar (255)
  , DELETE_FLG char (1) default '0' NOT NULL
  , LAST_UPD_DATE timestamp
  , foreign key (CATEGORY_ID) references ONLINE_CATEGORY(CTGR_ID)
) ENGINE = InnoDB DEFAULT CHARSET = utf8; 

create table ONLINE_ORDER( 
  ORDER_NO integer NOT NULL primary key AUTO_INCREMENT
  , MEMBER_NO integer NOT NULL
  , TOTAL_MONEY BIGINT NOT NULL
  , TOTAL_TAX BIGINT NOT NULL
  , ORDER_DATE date NOT NULL
  , COLLECT_NO varchar (16) NOT NULL UNIQUE KEY
  , LAST_UPD_DATE timestamp NOT NULL
  , foreign key (MEMBER_NO) references ONLINE_MEMBER(MEMBER_NO)
) ENGINE = InnoDB DEFAULT CHARSET = utf8; 

create table ONLINE_ORDER_LIST( 
  LIST_NO integer NOT NULL primary key AUTO_INCREMENT
  , COLLECT_NO varchar (16) NOT NULL
  , PRODUCT_CODE varchar (14) NOT NULL
  , ORDER_COUNT integer NOT NULL
  , ORDER_PRICE bigint NOT NULL
  , foreign key (PRODUCT_CODE) references ONLINE_PRODUCT(PRODUCT_CODE)
) ENGINE = InnoDB DEFAULT CHARSET = utf8; 

INSERT INTO ONLINE_MEMBER (MEMBER_NO, PASSWORD, NAME, AGE, SEX, ZIP, ADDRESS, TEL, REGISTER_DATE)
 VALUES('1', '111', 'テスト太郎', '25', 'M', '123-1234', 'address123', '123-1234-1234', '2019-07-10');
INSERT INTO ONLINE_MEMBER (MEMBER_NO, PASSWORD, NAME, AGE, SEX, ZIP, ADDRESS, TEL, REGISTER_DATE)
 VALUES('2', '222', 'テスト花子', '28', 'F', '126-1661', 'address456', '012-0123-0012', '2019-07-11');
INSERT INTO ONLINE_MEMBER (MEMBER_NO, PASSWORD, NAME, AGE, SEX, ZIP, ADDRESS, TEL, REGISTER_DATE)
 VALUES('3', '333', 'ABC123', '35', 'M', '011-0011', 'ああああああ', '111-1111-1111', '2019-07-12');
INSERT INTO ONLINE_MEMBER (MEMBER_NO, PASSWORD, NAME, AGE, SEX, ZIP, ADDRESS, TEL, REGISTER_DATE)
 VALUES('4', '444', 'XXX', '30', 'F', '011-0011', 'aiueo', '111-1111-1111', '2019-07-13');

INSERT INTO ONLINE_STAFF (STAFF_NO, PASSWORD, NAME, AGE, SEX, REGISTER_DATE)
 VALUES('1', '111', '管理者タロウ', '35', 'M', '2019-07-10');
INSERT INTO ONLINE_STAFF (STAFF_NO, PASSWORD, NAME, AGE, SEX, REGISTER_DATE)
 VALUES('2', '222', '管理者ハナコ', '42', 'F', '2019-07-11');

INSERT INTO ONLINE_CATEGORY (CTGR_ID, NAME)
 VALUES('1', 'カテゴリA');
INSERT INTO ONLINE_CATEGORY (CTGR_ID, NAME)
 VALUES('2', 'カテゴリB');
INSERT INTO ONLINE_CATEGORY (CTGR_ID, NAME)
 VALUES('3', 'カテゴリC');
INSERT INTO ONLINE_CATEGORY (CTGR_ID, NAME)
 VALUES('4', 'カテゴリD');
INSERT INTO ONLINE_CATEGORY (CTGR_ID, NAME)
 VALUES('5', 'カテゴリE');

INSERT INTO ONLINE_PRODUCT (PRODUCT_CODE, CATEGORY_ID, PRODUCT_NAME, UNIT_PRICE, STOCK_COUNT, MAKER, REGISTER_DATE, LAST_UPD_DATE) 
 VALUES('001-100420-001', '1', 'Java言語プログラミングレッスン（上）','2520','100','SoftBank Creative',date_format('2005-10-30 00:00:00','%Y-%m-%d %H:%i:%S'),NULL);
INSERT INTO ONLINE_PRODUCT (PRODUCT_CODE, CATEGORY_ID, PRODUCT_NAME, UNIT_PRICE, STOCK_COUNT, MAKER, REGISTER_DATE, LAST_UPD_DATE) 
 VALUES('001-100420-002', '1', '速習 サーバーサイドJava','3780','20','SOFT BANK Publishing',date_format('2004-08-02 00:00:00','%Y-%m-%d %H:%i:%S'),NULL);
INSERT INTO ONLINE_PRODUCT (PRODUCT_CODE, CATEGORY_ID, PRODUCT_NAME, UNIT_PRICE, STOCK_COUNT, MAKER, REGISTER_DATE, LAST_UPD_DATE) 
 VALUES('001-100420-005', '2', 'MVCコース受験チケット','483000','3000','（株）オープンストリーム',date_format('2006-10-02 00:00:00','%Y-%m-%d %H:%i:%S'),NULL);
INSERT INTO ONLINE_PRODUCT (PRODUCT_CODE, CATEGORY_ID, PRODUCT_NAME, UNIT_PRICE, STOCK_COUNT, MAKER, REGISTER_DATE, LAST_UPD_DATE) 
 VALUES('001-100420-007', '3', 'The Art of UNIX Programming ','6090','35','アスキー',date_format('2007-09-10 00:00:00','%Y-%m-%d %H:%i:%S'),NULL);
INSERT INTO ONLINE_PRODUCT (PRODUCT_CODE, CATEGORY_ID, PRODUCT_NAME, UNIT_PRICE, STOCK_COUNT, PICTURE_NAME, MEMO, MAKER, REGISTER_DATE, LAST_UPD_DATE) 
 VALUES('001-100420-010', '2', 'サントリー 天然水(南アルプス)','1500','50', 'tennen', '水晶をくぐり抜けた雪どけ水。南アルプスの名峰・甲斐駒ケ岳。この山に降った雪や雨は、花崗岩層の水晶（石英）に磨かれながら、ゆっくり地中に浸透します。硬度30。すっきりと切れのいいおいしさです。', 'サントリー',date_format('2007-09-10 00:00:00','%Y-%m-%d %H:%i:%S'),NULL);
INSERT INTO ONLINE_PRODUCT (PRODUCT_CODE, CATEGORY_ID, PRODUCT_NAME, UNIT_PRICE, STOCK_COUNT, MAKER, REGISTER_DATE, LAST_UPD_DATE) 
 VALUES('001-100420-011', '1', '商品１１','3000','150','寿商事',date_format('2003-11-19 00:00:00','%Y-%m-%d %H:%i:%S'),NULL);
INSERT INTO ONLINE_PRODUCT (PRODUCT_CODE, CATEGORY_ID, PRODUCT_NAME, UNIT_PRICE, STOCK_COUNT, MAKER, REGISTER_DATE, LAST_UPD_DATE) 
 VALUES('001-100420-012', '2', '商品１２','3100','420','富士株式会社',date_format('2003-11-19 00:00:00','%Y-%m-%d %H:%i:%S'),NULL);
INSERT INTO ONLINE_PRODUCT (PRODUCT_CODE, CATEGORY_ID, PRODUCT_NAME, UNIT_PRICE, STOCK_COUNT, MAKER, REGISTER_DATE, LAST_UPD_DATE) 
 VALUES('001-100420-013', '3', '商品１３','3200','116','ＸＹＺ商会',date_format('2003-11-19 00:00:00','%Y-%m-%d %H:%i:%S'),NULL);
INSERT INTO ONLINE_PRODUCT (PRODUCT_CODE, CATEGORY_ID, PRODUCT_NAME, UNIT_PRICE, STOCK_COUNT, MAKER, REGISTER_DATE, LAST_UPD_DATE) 
 VALUES('001-100550-015', '1', '商品１５','3400','54','（株）オープンストリーム',date_format('2003-11-19 00:00:00','%Y-%m-%d %H:%i:%S'),NULL);
INSERT INTO ONLINE_PRODUCT (PRODUCT_CODE, CATEGORY_ID, PRODUCT_NAME, UNIT_PRICE, STOCK_COUNT, MAKER, REGISTER_DATE, LAST_UPD_DATE) 
 VALUES('001-100550-017', '1', '商品１７','3600','37','ＡＢＣ商事',date_format('2003-11-19 00:00:00','%Y-%m-%d %H:%i:%S'),NULL);
INSERT INTO ONLINE_PRODUCT (PRODUCT_CODE, CATEGORY_ID, PRODUCT_NAME, UNIT_PRICE, STOCK_COUNT, MAKER, REGISTER_DATE, LAST_UPD_DATE) 
 VALUES('001-100550-018', '2', '商品１８','3700','250','寿商事',date_format('2003-11-19 00:00:00','%Y-%m-%d %H:%i:%S'),NULL);
INSERT INTO ONLINE_PRODUCT (PRODUCT_CODE, CATEGORY_ID, PRODUCT_NAME, UNIT_PRICE, STOCK_COUNT, MAKER, REGISTER_DATE, LAST_UPD_DATE) 
 VALUES('001-100550-019', '3', '商品１９','3800','11','富士株式会社',date_format('2003-11-19 00:00:00','%Y-%m-%d %H:%i:%S'),NULL);
INSERT INTO ONLINE_PRODUCT (PRODUCT_CODE, CATEGORY_ID, PRODUCT_NAME, UNIT_PRICE, STOCK_COUNT, MAKER, REGISTER_DATE, LAST_UPD_DATE) 
 VALUES('001-100550-020', '4', '商品２０','3900','5','ＸＹＺ商会',date_format('2003-11-19 00:00:00','%Y-%m-%d %H:%i:%S'),NULL);
INSERT INTO ONLINE_PRODUCT (PRODUCT_CODE, CATEGORY_ID, PRODUCT_NAME, UNIT_PRICE, STOCK_COUNT, MAKER, REGISTER_DATE, LAST_UPD_DATE) 
 VALUES('001-100550-022', '2', '商品２２','4100','2','（株）オープンストリーム',date_format('2003-11-19 00:00:00','%Y-%m-%d %H:%i:%S'),NULL);
INSERT INTO ONLINE_PRODUCT (PRODUCT_CODE, CATEGORY_ID, PRODUCT_NAME, UNIT_PRICE, STOCK_COUNT, MAKER, REGISTER_DATE, LAST_UPD_DATE) 
 VALUES('001-100550-023', '1', '商品２３','4200','80','ＡＢＣ商事',date_format('2003-11-19 00:00:00','%Y-%m-%d %H:%i:%S'),NULL);
INSERT INTO ONLINE_PRODUCT (PRODUCT_CODE, CATEGORY_ID, PRODUCT_NAME, UNIT_PRICE, STOCK_COUNT, MAKER, REGISTER_DATE, LAST_UPD_DATE) 
 VALUES('001-100670-024', '2', '商品２４','4300','54','寿商事',date_format('2003-11-19 00:00:00','%Y-%m-%d %H:%i:%S'),NULL);
INSERT INTO ONLINE_PRODUCT (PRODUCT_CODE, CATEGORY_ID, PRODUCT_NAME, UNIT_PRICE, STOCK_COUNT, MAKER, REGISTER_DATE, LAST_UPD_DATE) 
 VALUES('001-100670-025', '1', '商品２５','4400','350','富士株式会社',date_format('2003-11-19 00:00:00','%Y-%m-%d %H:%i:%S'),NULL);
INSERT INTO ONLINE_PRODUCT (PRODUCT_CODE, CATEGORY_ID, PRODUCT_NAME, UNIT_PRICE, STOCK_COUNT, MAKER, REGISTER_DATE, LAST_UPD_DATE) 
 VALUES('001-100670-027', '3', '商品２７','4600','111','ＸＹＺ商会',date_format('2003-11-19 00:00:00','%Y-%m-%d %H:%i:%S'),NULL);
INSERT INTO ONLINE_PRODUCT (PRODUCT_CODE, CATEGORY_ID, PRODUCT_NAME, UNIT_PRICE, STOCK_COUNT, MAKER, REGISTER_DATE, LAST_UPD_DATE) 
 VALUES('001-100670-028', '3', '商品２８','4700','7','（株）オープンストリーム',date_format('2003-11-19 00:00:00','%Y-%m-%d %H:%i:%S'),NULL);
INSERT INTO ONLINE_PRODUCT (PRODUCT_CODE, CATEGORY_ID, PRODUCT_NAME, UNIT_PRICE, STOCK_COUNT, MAKER, REGISTER_DATE, LAST_UPD_DATE) 
 VALUES('001-100670-030', '1', '商品３０','4900','90','ＡＢＣ商事',date_format('2003-11-19 00:00:00','%Y-%m-%d %H:%i:%S'),NULL);
INSERT INTO ONLINE_PRODUCT (PRODUCT_CODE, CATEGORY_ID, PRODUCT_NAME, UNIT_PRICE, STOCK_COUNT, MAKER, REGISTER_DATE, LAST_UPD_DATE) 
 VALUES('001-100670-031', '2', '商品３１','5000','5','寿商事',date_format('2003-11-19 00:00:00','%Y-%m-%d %H:%i:%S'),NULL);
INSERT INTO ONLINE_PRODUCT (PRODUCT_CODE, CATEGORY_ID, PRODUCT_NAME, UNIT_PRICE, STOCK_COUNT, MAKER, REGISTER_DATE, LAST_UPD_DATE) 
 VALUES('001-100670-032', '2', '売り切れの商品３２','5100','0','富士株式会社',date_format('2003-11-19 00:00:00','%Y-%m-%d %H:%i:%S'),NULL);
INSERT INTO ONLINE_PRODUCT (PRODUCT_CODE, CATEGORY_ID, PRODUCT_NAME, UNIT_PRICE, STOCK_COUNT, MAKER, REGISTER_DATE, LAST_UPD_DATE) 
 VALUES('001-100670-033', '2', 'hoge','500','0','（株）オープンストリーム',date_format('2003-11-19 00:00:00','%Y-%m-%d %H:%i:%S'),NULL);
INSERT INTO ONLINE_PRODUCT (PRODUCT_CODE, CATEGORY_ID, PRODUCT_NAME, UNIT_PRICE, STOCK_COUNT, MAKER, PICTURE_NAME, MEMO, REGISTER_DATE, LAST_UPD_DATE) 
 VALUES('001-100820-034', '1', 'ルンバ','5000','1','東京電機','rumba','ルンバは、忙しいあなたを床掃除から解放します。ボタンひとつ押すだけでお部屋のずみずみまでキレイに。チリや微細なホコリもしっかり取り除きます。',date_format('2003-11-19 00:00:00','%Y-%m-%d %H:%i:%S'),NULL);
INSERT INTO ONLINE_PRODUCT (PRODUCT_CODE, CATEGORY_ID, PRODUCT_NAME, UNIT_PRICE, STOCK_COUNT, MAKER, REGISTER_DATE, LAST_UPD_DATE) 
 VALUES('001-100820-035', '2', '商品３３','2400','30','富士株式会社',date_format('2003-11-19 00:00:00','%Y-%m-%d %H:%i:%S'),NULL);
INSERT INTO ONLINE_PRODUCT (PRODUCT_CODE, CATEGORY_ID, PRODUCT_NAME, UNIT_PRICE, STOCK_COUNT, MAKER, REGISTER_DATE, LAST_UPD_DATE) 
 VALUES('001-100820-036', '3', '商品３４','8200','20','（株）オープンストリーム',date_format('2003-11-19 00:00:00','%Y-%m-%d %H:%i:%S'),NULL);
INSERT INTO ONLINE_PRODUCT (PRODUCT_CODE, CATEGORY_ID, PRODUCT_NAME, UNIT_PRICE, STOCK_COUNT, MAKER, REGISTER_DATE, LAST_UPD_DATE) 
 VALUES('001-100820-037', '3', '商品３５','8200','20','テスト会社',date_format('2003-11-19 00:00:00','%Y-%m-%d %H:%i:%S'),NULL);
INSERT INTO ONLINE_PRODUCT (PRODUCT_CODE, CATEGORY_ID, PRODUCT_NAME, UNIT_PRICE, STOCK_COUNT, MAKER, REGISTER_DATE, LAST_UPD_DATE) 
 VALUES('001-100820-038', '3', '商品３６','8200','20','寿商事',date_format('2003-11-19 00:00:00','%Y-%m-%d %H:%i:%S'),NULL);
INSERT INTO ONLINE_PRODUCT (PRODUCT_CODE, CATEGORY_ID, PRODUCT_NAME, UNIT_PRICE, STOCK_COUNT, MAKER, REGISTER_DATE, LAST_UPD_DATE) 
 VALUES('001-101220-039', '3', '商品３７','8200','20','（株）オーダーシステムズ',date_format('2003-11-19 00:00:00','%Y-%m-%d %H:%i:%S'),NULL);
INSERT INTO ONLINE_PRODUCT (PRODUCT_CODE, CATEGORY_ID, PRODUCT_NAME, UNIT_PRICE, STOCK_COUNT, MAKER, REGISTER_DATE, LAST_UPD_DATE) 
 VALUES('001-101240-040', '3', '商品３８','8200','20','寿商事',date_format('2003-11-19 00:00:00','%Y-%m-%d %H:%i:%S'),NULL);
INSERT INTO ONLINE_PRODUCT (PRODUCT_CODE, CATEGORY_ID, PRODUCT_NAME, UNIT_PRICE, STOCK_COUNT, MAKER, REGISTER_DATE, LAST_UPD_DATE) 
 VALUES('001-101240-041', '3', '商品３９','8200','20','日本テスト興業',date_format('2003-11-19 00:00:00','%Y-%m-%d %H:%i:%S'),NULL);

INSERT INTO ONLINE_ORDER (ORDER_NO, MEMBER_NO, TOTAL_MONEY, TOTAL_TAX, ORDER_DATE, COLLECT_NO, LAST_UPD_DATE)
 VALUES (1,1,16320,1305,'2019-07-22','1907221735280001','2019-07-22 17:35:28');
INSERT INTO ONLINE_ORDER (ORDER_NO, MEMBER_NO, TOTAL_MONEY, TOTAL_TAX, ORDER_DATE, COLLECT_NO, LAST_UPD_DATE)
 VALUES (2,2,23200,1856,'2019-07-22','1907221736120002','2019-07-22 17:36:12');
INSERT INTO ONLINE_ORDER (ORDER_NO, MEMBER_NO, TOTAL_MONEY, TOTAL_TAX, ORDER_DATE, COLLECT_NO, LAST_UPD_DATE)
 VALUES (3,3,5000,400,'2019-07-22','1907221737050003','2019-07-22 17:37:05');
INSERT INTO ONLINE_ORDER (ORDER_NO, MEMBER_NO, TOTAL_MONEY, TOTAL_TAX, ORDER_DATE, COLLECT_NO, LAST_UPD_DATE)
 VALUES (4,3,483000,38640,'2019-07-22','1907221737210003','2019-07-22 17:37:21');
INSERT INTO ONLINE_ORDER (ORDER_NO, MEMBER_NO, TOTAL_MONEY, TOTAL_TAX, ORDER_DATE, COLLECT_NO, LAST_UPD_DATE)
 VALUES (5,1,24400,1952,'2019-07-22','1907221737470001','2019-07-22 17:37:47');
INSERT INTO ONLINE_ORDER (ORDER_NO, MEMBER_NO, TOTAL_MONEY, TOTAL_TAX, ORDER_DATE, COLLECT_NO, LAST_UPD_DATE)
 VALUES (6,2,24200,1936,'2019-07-22','1907221738200002','2019-07-22 17:38:20');
INSERT INTO ONLINE_ORDER (ORDER_NO,MEMBER_NO,TOTAL_MONEY,TOTAL_TAX,ORDER_DATE,COLLECT_NO,LAST_UPD_DATE)
 VALUES (7,1,39940,3195,'2019-07-23','1907231703080001','2019-07-23 17:03:08');
INSERT INTO ONLINE_ORDER (ORDER_NO,MEMBER_NO,TOTAL_MONEY,TOTAL_TAX,ORDER_DATE,COLLECT_NO,LAST_UPD_DATE)
 VALUES (8,2,7000,560,'2019-07-23','1907231703270002','2019-07-23 17:03:27');
INSERT INTO ONLINE_ORDER (ORDER_NO,MEMBER_NO,TOTAL_MONEY,TOTAL_TAX,ORDER_DATE,COLLECT_NO,LAST_UPD_DATE)
 VALUES (9,3,18500,1480,'2019-07-23','1907231703500003','2019-07-23 17:03:50');
INSERT INTO ONLINE_ORDER (ORDER_NO,MEMBER_NO,TOTAL_MONEY,TOTAL_TAX,ORDER_DATE,COLLECT_NO,LAST_UPD_DATE)
 VALUES (10,1,6880,550,'2019-07-23','1907231704100001','2019-07-23 17:04:10');
INSERT INTO ONLINE_ORDER (ORDER_NO,MEMBER_NO,TOTAL_MONEY,TOTAL_TAX,ORDER_DATE,COLLECT_NO,LAST_UPD_DATE)
 VALUES (11,2,8600,688,'2019-07-23','1907231704400002','2019-07-23 17:04:40');
INSERT INTO ONLINE_ORDER (ORDER_NO,MEMBER_NO,TOTAL_MONEY,TOTAL_TAX,ORDER_DATE,COLLECT_NO,LAST_UPD_DATE)
 VALUES (12,3,5000,400,'2019-07-23','1907231705000003','2019-07-23 17:05:00');
INSERT INTO ONLINE_ORDER (ORDER_NO,MEMBER_NO,TOTAL_MONEY,TOTAL_TAX,ORDER_DATE,COLLECT_NO,LAST_UPD_DATE)
 VALUES (13,1,5000,400,'2019-07-24','1907241803000001','2019-07-24 18:03:00');
INSERT INTO ONLINE_ORDER (ORDER_NO,MEMBER_NO,TOTAL_MONEY,TOTAL_TAX,ORDER_DATE,COLLECT_NO,LAST_UPD_DATE)
 VALUES (14,1,5000,400,'2019-07-25','1907251804000001','2019-07-25 18:04:00');
INSERT INTO ONLINE_ORDER (ORDER_NO,MEMBER_NO,TOTAL_MONEY,TOTAL_TAX,ORDER_DATE,COLLECT_NO,LAST_UPD_DATE)
 VALUES (15,1,5000,400,'2019-07-26','1907261805000001','2019-07-26 18:05:00');
INSERT INTO ONLINE_ORDER (ORDER_NO,MEMBER_NO,TOTAL_MONEY,TOTAL_TAX,ORDER_DATE,COLLECT_NO,LAST_UPD_DATE)
 VALUES (16,1,5000,400,'2019-07-26','1907261812000001','2019-07-26 18:12:00');
INSERT INTO ONLINE_ORDER (ORDER_NO,MEMBER_NO,TOTAL_MONEY,TOTAL_TAX,ORDER_DATE,COLLECT_NO,LAST_UPD_DATE)
 VALUES (17,1,5000,400,'2019-07-26','1907261832000001','2019-07-26 18:32:00');
INSERT INTO ONLINE_ORDER (ORDER_NO,MEMBER_NO,TOTAL_MONEY,TOTAL_TAX,ORDER_DATE,COLLECT_NO,LAST_UPD_DATE)
 VALUES (18,1,5000,400,'2019-07-26','1907261841000001','2019-07-26 18:41:00');
INSERT INTO ONLINE_ORDER (ORDER_NO,MEMBER_NO,TOTAL_MONEY,TOTAL_TAX,ORDER_DATE,COLLECT_NO,LAST_UPD_DATE)
 VALUES (19,1,5000,400,'2019-07-27','1907271841000001','2019-07-27 18:41:00');
INSERT INTO ONLINE_ORDER (ORDER_NO,MEMBER_NO,TOTAL_MONEY,TOTAL_TAX,ORDER_DATE,COLLECT_NO,LAST_UPD_DATE)
 VALUES (20,2,5000,400,'2019-07-27','1907271841000002','2019-07-27 18:41:00');
INSERT INTO ONLINE_ORDER (ORDER_NO,MEMBER_NO,TOTAL_MONEY,TOTAL_TAX,ORDER_DATE,COLLECT_NO,LAST_UPD_DATE)
 VALUES (21,2,5000,400,'2019-07-27','1907271842000002','2019-07-27 18:41:00');
INSERT INTO ONLINE_ORDER (ORDER_NO,MEMBER_NO,TOTAL_MONEY,TOTAL_TAX,ORDER_DATE,COLLECT_NO,LAST_UPD_DATE)
 VALUES (22,2,5000,400,'2019-07-27','1907271843000002','2019-07-27 18:41:00');
INSERT INTO ONLINE_ORDER (ORDER_NO,MEMBER_NO,TOTAL_MONEY,TOTAL_TAX,ORDER_DATE,COLLECT_NO,LAST_UPD_DATE)
 VALUES (23,2,5000,400,'2019-07-27','1907271844000002','2019-07-27 18:41:00');
INSERT INTO ONLINE_ORDER (ORDER_NO,MEMBER_NO,TOTAL_MONEY,TOTAL_TAX,ORDER_DATE,COLLECT_NO,LAST_UPD_DATE)
 VALUES (24,2,5000,400,'2019-07-27','1907271845000002','2019-07-27 18:41:00');
INSERT INTO ONLINE_ORDER (ORDER_NO,MEMBER_NO,TOTAL_MONEY,TOTAL_TAX,ORDER_DATE,COLLECT_NO,LAST_UPD_DATE)
 VALUES (25,2,5000,400,'2019-07-27','1907271846000002','2019-07-27 18:41:00');
INSERT INTO ONLINE_ORDER (ORDER_NO,MEMBER_NO,TOTAL_MONEY,TOTAL_TAX,ORDER_DATE,COLLECT_NO,LAST_UPD_DATE)
 VALUES (26,2,5000,400,'2019-07-27','1907271847000002','2019-07-27 18:41:00');
INSERT INTO ONLINE_ORDER (ORDER_NO,MEMBER_NO,TOTAL_MONEY,TOTAL_TAX,ORDER_DATE,COLLECT_NO,LAST_UPD_DATE)
 VALUES (27,2,5000,400,'2019-07-27','1907271848000002','2019-07-27 18:41:00');
INSERT INTO ONLINE_ORDER (ORDER_NO,MEMBER_NO,TOTAL_MONEY,TOTAL_TAX,ORDER_DATE,COLLECT_NO,LAST_UPD_DATE)
 VALUES (28,2,5000,400,'2019-07-27','1907271849000002','2019-07-27 18:41:00');
INSERT INTO ONLINE_ORDER (ORDER_NO,MEMBER_NO,TOTAL_MONEY,TOTAL_TAX,ORDER_DATE,COLLECT_NO,LAST_UPD_DATE)
 VALUES (29,2,5000,400,'2019-07-27','1907271850000002','2019-07-27 18:41:00');
INSERT INTO ONLINE_ORDER (ORDER_NO,MEMBER_NO,TOTAL_MONEY,TOTAL_TAX,ORDER_DATE,COLLECT_NO,LAST_UPD_DATE)
 VALUES (30,2,5000,400,'2019-07-27','1907271851000002','2019-07-27 18:41:00');
INSERT INTO ONLINE_ORDER (ORDER_NO,MEMBER_NO,TOTAL_MONEY,TOTAL_TAX,ORDER_DATE,COLLECT_NO,LAST_UPD_DATE)
 VALUES (31,2,5000,400,'2019-07-27','1907271852000002','2019-07-27 18:41:00');
INSERT INTO ONLINE_ORDER (ORDER_NO,MEMBER_NO,TOTAL_MONEY,TOTAL_TAX,ORDER_DATE,COLLECT_NO,LAST_UPD_DATE)
 VALUES (32,2,5000,400,'2019-07-27','1907271853000002','2019-07-27 18:41:00');
INSERT INTO ONLINE_ORDER (ORDER_NO,MEMBER_NO,TOTAL_MONEY,TOTAL_TAX,ORDER_DATE,COLLECT_NO,LAST_UPD_DATE)
 VALUES (33,2,5000,400,'2019-07-27','1907271854000002','2019-07-27 18:41:00');
INSERT INTO ONLINE_ORDER (ORDER_NO,MEMBER_NO,TOTAL_MONEY,TOTAL_TAX,ORDER_DATE,COLLECT_NO,LAST_UPD_DATE)
 VALUES (34,2,5000,400,'2019-07-27','1907271855000002','2019-07-27 18:41:00');
INSERT INTO ONLINE_ORDER (ORDER_NO,MEMBER_NO,TOTAL_MONEY,TOTAL_TAX,ORDER_DATE,COLLECT_NO,LAST_UPD_DATE)
 VALUES (35,2,5000,400,'2019-07-27','1907271856000002','2019-07-27 18:41:00');


INSERT INTO ONLINE_ORDER_LIST (LIST_NO,COLLECT_NO,PRODUCT_CODE,ORDER_COUNT,ORDER_PRICE)
 VALUES (1,'1907221735280001','001-100420-001',2,2520);
INSERT INTO ONLINE_ORDER_LIST (LIST_NO,COLLECT_NO,PRODUCT_CODE,ORDER_COUNT,ORDER_PRICE)
 VALUES (2,'1907221735280001','001-100420-002',1,3780);
INSERT INTO ONLINE_ORDER_LIST (LIST_NO,COLLECT_NO,PRODUCT_CODE,ORDER_COUNT,ORDER_PRICE)
 VALUES (3,'1907221735280001','001-100420-010',1,1500);
INSERT INTO ONLINE_ORDER_LIST (LIST_NO,COLLECT_NO,PRODUCT_CODE,ORDER_COUNT,ORDER_PRICE)
 VALUES (4,'1907221735280001','001-100420-011',2,3000);
INSERT INTO ONLINE_ORDER_LIST (LIST_NO,COLLECT_NO,PRODUCT_CODE,ORDER_COUNT,ORDER_PRICE)
 VALUES (5,'1907221736120002','001-100550-018',1,3700);
INSERT INTO ONLINE_ORDER_LIST (LIST_NO,COLLECT_NO,PRODUCT_CODE,ORDER_COUNT,ORDER_PRICE)
 VALUES (6,'1907221736120002','001-100550-019',2,3800);
INSERT INTO ONLINE_ORDER_LIST (LIST_NO,COLLECT_NO,PRODUCT_CODE,ORDER_COUNT,ORDER_PRICE)
 VALUES (7,'1907221736120002','001-100550-020',2,3900);
INSERT INTO ONLINE_ORDER_LIST (LIST_NO,COLLECT_NO,PRODUCT_CODE,ORDER_COUNT,ORDER_PRICE)
 VALUES (8,'1907221736120002','001-100550-022',1,4100);
INSERT INTO ONLINE_ORDER_LIST (LIST_NO,COLLECT_NO,PRODUCT_CODE,ORDER_COUNT,ORDER_PRICE)
 VALUES (9,'1907221737050003','001-100670-031',1,5000);
INSERT INTO ONLINE_ORDER_LIST (LIST_NO,COLLECT_NO,PRODUCT_CODE,ORDER_COUNT,ORDER_PRICE)
 VALUES (10,'1907221737210003','001-100420-005',1,483000);
INSERT INTO ONLINE_ORDER_LIST (LIST_NO,COLLECT_NO,PRODUCT_CODE,ORDER_COUNT,ORDER_PRICE)
 VALUES (11,'1907221737470001','001-100420-013',1,3200);
INSERT INTO ONLINE_ORDER_LIST (LIST_NO,COLLECT_NO,PRODUCT_CODE,ORDER_COUNT,ORDER_PRICE)
 VALUES (12,'1907221737470001','001-100550-015',2,3400);
INSERT INTO ONLINE_ORDER_LIST (LIST_NO,COLLECT_NO,PRODUCT_CODE,ORDER_COUNT,ORDER_PRICE)
 VALUES (13,'1907221737470001','001-100550-017',4,3600);
INSERT INTO ONLINE_ORDER_LIST (LIST_NO,COLLECT_NO,PRODUCT_CODE,ORDER_COUNT,ORDER_PRICE)
 VALUES (14,'1907221738200002','001-100420-010',10,1500);
INSERT INTO ONLINE_ORDER_LIST (LIST_NO,COLLECT_NO,PRODUCT_CODE,ORDER_COUNT,ORDER_PRICE)
 VALUES (15,'1907221738200002','001-100670-027',2,4600);
INSERT INTO ONLINE_ORDER_LIST (LIST_NO,COLLECT_NO,PRODUCT_CODE,ORDER_COUNT,ORDER_PRICE)
 VALUES (16,'1907231703080001','001-100420-001',2,2520);
INSERT INTO ONLINE_ORDER_LIST (LIST_NO,COLLECT_NO,PRODUCT_CODE,ORDER_COUNT,ORDER_PRICE)
 VALUES (17,'1907231703080001','001-100420-011',5,3000);
INSERT INTO ONLINE_ORDER_LIST (LIST_NO,COLLECT_NO,PRODUCT_CODE,ORDER_COUNT,ORDER_PRICE)
 VALUES (18,'1907231703080001','001-100420-012',4,3100);
INSERT INTO ONLINE_ORDER_LIST (LIST_NO,COLLECT_NO,PRODUCT_CODE,ORDER_COUNT,ORDER_PRICE)
 VALUES (19,'1907231703080001','001-100550-018',1,3700);
INSERT INTO ONLINE_ORDER_LIST (LIST_NO,COLLECT_NO,PRODUCT_CODE,ORDER_COUNT,ORDER_PRICE)
 VALUES (20,'1907231703080001','001-100550-019',1,3800);
INSERT INTO ONLINE_ORDER_LIST (LIST_NO,COLLECT_NO,PRODUCT_CODE,ORDER_COUNT,ORDER_PRICE)
 VALUES (21,'1907231703270002','001-100550-015',1,3400);
INSERT INTO ONLINE_ORDER_LIST (LIST_NO,COLLECT_NO,PRODUCT_CODE,ORDER_COUNT,ORDER_PRICE)
 VALUES (22,'1907231703270002','001-100550-017',1,3600);
INSERT INTO ONLINE_ORDER_LIST (LIST_NO,COLLECT_NO,PRODUCT_CODE,ORDER_COUNT,ORDER_PRICE)
 VALUES (23,'1907231703500003','001-100670-025',1,4400);
INSERT INTO ONLINE_ORDER_LIST (LIST_NO,COLLECT_NO,PRODUCT_CODE,ORDER_COUNT,ORDER_PRICE)
 VALUES (24,'1907231703500003','001-100670-027',2,4600);
INSERT INTO ONLINE_ORDER_LIST (LIST_NO,COLLECT_NO,PRODUCT_CODE,ORDER_COUNT,ORDER_PRICE)
 VALUES (25,'1907231703500003','001-100670-030',1,4900);
INSERT INTO ONLINE_ORDER_LIST (LIST_NO,COLLECT_NO,PRODUCT_CODE,ORDER_COUNT,ORDER_PRICE)
 VALUES (26,'1907231704100001','001-100420-002',1,3780);
INSERT INTO ONLINE_ORDER_LIST (LIST_NO,COLLECT_NO,PRODUCT_CODE,ORDER_COUNT,ORDER_PRICE)
 VALUES (27,'1907231704100001','001-100420-012',1,3100);
INSERT INTO ONLINE_ORDER_LIST (LIST_NO,COLLECT_NO,PRODUCT_CODE,ORDER_COUNT,ORDER_PRICE)
 VALUES (28,'1907231704400002','001-100670-024',2,4300);
INSERT INTO ONLINE_ORDER_LIST (LIST_NO,COLLECT_NO,PRODUCT_CODE,ORDER_COUNT,ORDER_PRICE)
 VALUES (29,'1907231705000003','001-100670-031',1,5000);
INSERT INTO ONLINE_ORDER_LIST (LIST_NO,COLLECT_NO,PRODUCT_CODE,ORDER_COUNT,ORDER_PRICE)
 VALUES (30,'1907241803000001','001-100670-031',1,5000);
INSERT INTO ONLINE_ORDER_LIST (LIST_NO,COLLECT_NO,PRODUCT_CODE,ORDER_COUNT,ORDER_PRICE)
 VALUES (31,'1907251804000001','001-100670-031',1,5000);
INSERT INTO ONLINE_ORDER_LIST (LIST_NO,COLLECT_NO,PRODUCT_CODE,ORDER_COUNT,ORDER_PRICE)
 VALUES (32,'1907261805000001','001-100670-031',1,5000);
INSERT INTO ONLINE_ORDER_LIST (LIST_NO,COLLECT_NO,PRODUCT_CODE,ORDER_COUNT,ORDER_PRICE)
 VALUES (33,'1907261812000001','001-100670-031',1,5000);
INSERT INTO ONLINE_ORDER_LIST (LIST_NO,COLLECT_NO,PRODUCT_CODE,ORDER_COUNT,ORDER_PRICE)
 VALUES (34,'1907261832000001','001-100670-031',1,5000);
INSERT INTO ONLINE_ORDER_LIST (LIST_NO,COLLECT_NO,PRODUCT_CODE,ORDER_COUNT,ORDER_PRICE)
 VALUES (35,'1907261841000001','001-100670-031',1,5000);
INSERT INTO ONLINE_ORDER_LIST (LIST_NO,COLLECT_NO,PRODUCT_CODE,ORDER_COUNT,ORDER_PRICE)
 VALUES (36,'1907271215000001','001-100670-031',1,5000);
INSERT INTO ONLINE_ORDER_LIST (LIST_NO,COLLECT_NO,PRODUCT_CODE,ORDER_COUNT,ORDER_PRICE)
 VALUES (37,'1907271841000001','001-100670-031',1,5000);
INSERT INTO ONLINE_ORDER_LIST (LIST_NO,COLLECT_NO,PRODUCT_CODE,ORDER_COUNT,ORDER_PRICE)
 VALUES (38,'1907271841000002','001-100670-031',1,5000);
INSERT INTO ONLINE_ORDER_LIST (LIST_NO,COLLECT_NO,PRODUCT_CODE,ORDER_COUNT,ORDER_PRICE)
 VALUES (39,'1907271842000002','001-100670-031',1,5000);
INSERT INTO ONLINE_ORDER_LIST (LIST_NO,COLLECT_NO,PRODUCT_CODE,ORDER_COUNT,ORDER_PRICE)
 VALUES (40,'1907271843000002','001-100670-031',1,5000);
INSERT INTO ONLINE_ORDER_LIST (LIST_NO,COLLECT_NO,PRODUCT_CODE,ORDER_COUNT,ORDER_PRICE)
 VALUES (41,'1907271844000002','001-100670-031',1,5000);
INSERT INTO ONLINE_ORDER_LIST (LIST_NO,COLLECT_NO,PRODUCT_CODE,ORDER_COUNT,ORDER_PRICE)
 VALUES (42,'1907271845000002','001-100670-031',1,5000);
INSERT INTO ONLINE_ORDER_LIST (LIST_NO,COLLECT_NO,PRODUCT_CODE,ORDER_COUNT,ORDER_PRICE)
 VALUES (43,'1907271846000002','001-100670-031',1,5000);
INSERT INTO ONLINE_ORDER_LIST (LIST_NO,COLLECT_NO,PRODUCT_CODE,ORDER_COUNT,ORDER_PRICE)
 VALUES (44,'1907271847000002','001-100670-031',1,5000);
INSERT INTO ONLINE_ORDER_LIST (LIST_NO,COLLECT_NO,PRODUCT_CODE,ORDER_COUNT,ORDER_PRICE)
 VALUES (45,'1907271848000002','001-100670-031',1,5000);
INSERT INTO ONLINE_ORDER_LIST (LIST_NO,COLLECT_NO,PRODUCT_CODE,ORDER_COUNT,ORDER_PRICE)
 VALUES (46,'1907271849000002','001-100670-031',1,5000);
INSERT INTO ONLINE_ORDER_LIST (LIST_NO,COLLECT_NO,PRODUCT_CODE,ORDER_COUNT,ORDER_PRICE)
 VALUES (47,'1907271850000002','001-100670-031',1,5000);
INSERT INTO ONLINE_ORDER_LIST (LIST_NO,COLLECT_NO,PRODUCT_CODE,ORDER_COUNT,ORDER_PRICE)
 VALUES (48,'1907271851000002','001-100670-031',1,5000);
INSERT INTO ONLINE_ORDER_LIST (LIST_NO,COLLECT_NO,PRODUCT_CODE,ORDER_COUNT,ORDER_PRICE)
 VALUES (49,'1907271852000002','001-100670-031',1,5000);
INSERT INTO ONLINE_ORDER_LIST (LIST_NO,COLLECT_NO,PRODUCT_CODE,ORDER_COUNT,ORDER_PRICE)
 VALUES (50,'1907271853000002','001-100670-031',1,5000);
INSERT INTO ONLINE_ORDER_LIST (LIST_NO,COLLECT_NO,PRODUCT_CODE,ORDER_COUNT,ORDER_PRICE)
 VALUES (51,'1907271854000002','001-100670-031',1,5000);
INSERT INTO ONLINE_ORDER_LIST (LIST_NO,COLLECT_NO,PRODUCT_CODE,ORDER_COUNT,ORDER_PRICE)
 VALUES (52,'1907271855000002','001-100670-031',1,5000);
INSERT INTO ONLINE_ORDER_LIST (LIST_NO,COLLECT_NO,PRODUCT_CODE,ORDER_COUNT,ORDER_PRICE)
 VALUES (53,'1907271856000002','001-100670-031',1,5000);